Date,Inning,TopBottom,Ball,Strike,Out,First,Second,Third,Pitcher,PitcherLR,Batter,BatterLR,PitchType,PitchSpeed,PitchLocation,CatcherLocation,PitchResult,KorBB,HitResult,HitType,Catch,OutsOnPlay,ScoresOnPlay,Memo
2026/3/18,1,表,0,0,0,-,-,-,濵名壱晴,右,鍛冶陽斗,右,ストレート,,12,外角,ボール,,,,,0,0,
2026/3/18,1,表,1,0,0,-,-,-,不明,右,鍛冶陽斗,右,ストレート,,9,,インプレー,,アウト,ゴロ,一塁手,1,0,
2026/3/18,1,表,0,0,1,-,-,-,不明,右,橋口青波,右,ストレート,,12,外角,空振り,,,,,0,0,
2026/3/18,1,表,0,1,1,-,-,-,不明,右,橋口青波,右,カーブ,,11,,空振り,,,,,0,0,
2026/3/18,1,表,0,2,1,-,-,-,不明,右,橋口青波,右,ストレート,,3,,ファウル,,,,,0,0,
2026/3/18,1,表,0,2,1,-,-,-,不明,右,橋口青波,右,スライダー,,14,外角,空振り,空振り三振,,,,1,0,
2026/3/18,1,表,0,0,2,-,-,-,不明,右,柴田結都,左,スライダー,,8,,インプレー,,単打,ゴロ,左翼手,0,0,
2026/3/18,1,表,0,0,2,○,-,-,不明,右,平澤秀太,右,カーブ,,7,外角,見逃し,,,,,0,0,
2026/3/18,1,表,0,1,2,○,-,-,不明,右,平澤秀太,右,ストレート,,3,,見逃し,,,,,0,0,
2026/3/18,1,表,0,2,2,○,-,-,不明,右,平澤秀太,右,カーブ,,14,外角,ボール,,,,,0,0,
2026/3/18,1,表,1,2,2,○,-,-,不明,右,平澤秀太,右,カーブ,,14,,ボール,,,,,0,0,
2026/3/18,1,表,2,2,2,○,-,-,不明,右,平澤秀太,右,ストレート,,1,内角,インプレー,,単打,ゴロ,中堅手,0,0,
2026/3/18,1,表,0,0,2,○,○,-,不明,右,桜 圭吾,右,カーブ,,6,外角,見逃し,,,,,0,0,
2026/3/18,1,表,0,1,2,○,○,-,不明,右,桜 圭吾,右,スライダー,,3,,インプレー,,アウト,ゴロ,二塁手,1,0,
2026/3/18,1,裏,0,0,0,-,-,-,入口貴仁,左,不明,右,ストレート,,5,,見逃し,,,,,0,0,
2026/3/18,1,裏,0,1,0,-,-,-,入口貴仁,左,不明,右,ストレート,,4,,ファウル,,,,,0,0,
2026/3/18,1,裏,0,2,0,-,-,-,入口貴仁,左,不明,右,ストレート,,3,,ファウル,,,,,0,0,
2026/3/18,1,裏,0,2,0,-,-,-,入口貴仁,左,不明,右,ストレート,,4,,インプレー,,アウト,フライ,左翼手,1,0,
2026/3/18,1,裏,0,0,1,-,-,-,入口貴仁,左,不明,右,ストレート,,12,,ファウル,,,,,0,0,
2026/3/18,1,裏,0,1,1,-,-,-,入口貴仁,左,不明,右,ストレート,,13,,ボール,,,,,0,0,
2026/3/18,1,裏,1,1,1,-,-,-,入口貴仁,左,不明,右,ストレート,,8,外角,ファウル,,,,,0,0,
2026/3/18,1,裏,1,2,1,-,-,-,入口貴仁,左,不明,右,カーブ,,12,,ボール,,,,,0,0,
2026/3/18,1,裏,2,2,1,-,-,-,入口貴仁,左,不明,右,ストレート,,11,,ボール,,,,,0,0,
2026/3/18,1,裏,3,2,1,-,-,-,入口貴仁,左,不明,右,ストレート,,2,外角,インプレー,,単打,ゴロ,左翼手,0,0,
2026/3/18,1,裏,0,0,1,○,-,-,入口貴仁,左,不明,右,ストレート,,14,,ボール,,,,,0,0,
2026/3/18,1,裏,1,0,1,○,-,-,入口貴仁,左,不明,右,ストレート,,7,,見逃し,,,,,0,0,
2026/3/18,1,裏,1,1,1,○,-,-,入口貴仁,左,不明,右,ストレート,,4,,見逃し,,,,,0,0,
2026/3/18,1,裏,1,2,1,○,-,-,入口貴仁,左,不明,右,カーブ,,13,,ボール,,,,,0,0,
2026/3/18,1,裏,2,2,1,-,○,-,入口貴仁,左,不明,右,ストレート,,6,,インプレー,,アウト,ゴロ,投手,1,0,
2026/3/18,1,裏,0,0,2,-,-,○,入口貴仁,左,不明,右,ストレート,,7,,見逃し,,,,,0,0,
2026/3/18,1,裏,0,1,2,-,-,○,入口貴仁,左,不明,右,ストレート,,11,,ボール,,,,,0,0,
2026/3/18,1,裏,1,1,2,-,-,○,入口貴仁,左,不明,右,チェンジアップ,,13,,空振り,,,,,0,0,
2026/3/18,1,裏,1,2,2,-,-,○,入口貴仁,左,不明,右,ストレート,,9,,空振り,空振り三振,,,,1,0,
2026/3/18,2,表,0,0,0,-,-,-,不明,右,田中 孝志郎,右,カーブ,,5,,空振り,,,,,0,0,
2026/3/18,2,表,0,1,0,-,-,-,不明,右,田中 孝志郎,右,カーブ,,3,,インプレー,,アウト,ゴロ,遊撃手,1,0,
2026/3/18,2,表,0,0,1,-,-,-,不明,右,北村和希,右,スライダー,,6,,見逃し,,,,,0,0,
2026/3/18,2,表,0,1,1,-,-,-,不明,右,北村和希,右,カーブ,,9,,見逃し,,,,,0,0,
2026/3/18,2,表,0,2,1,-,-,-,不明,右,北村和希,右,スライダー,,9,,空振り,空振り三振,,,,1,0,
2026/3/18,2,表,0,0,2,-,-,-,不明,右,高橋陽介,右,スライダー,,5,,見逃し,,,,,0,0,
2026/3/18,2,表,0,1,2,-,-,-,不明,右,高橋陽介,右,スライダー,,5,,空振り,,,,,0,0,
2026/3/18,2,表,0,2,2,-,-,-,不明,右,高橋陽介,右,ストレート,,14,,ボール,,,,,0,0,
2026/3/18,2,表,1,2,2,-,-,-,不明,右,高橋陽介,右,スライダー,,14,,ボール,,,,,0,0,
2026/3/18,2,表,2,2,2,-,-,-,不明,右,高橋陽介,右,スライダー,,8,,インプレー,,アウト,ゴロ,三塁手,1,0,
2026/3/18,2,裏,0,0,0,-,-,-,入口貴仁,左,不明,右,カーブ,,12,,ファウル,,,,,0,0,
2026/3/18,2,裏,0,1,0,-,-,-,入口貴仁,左,不明,右,,,,,ボール,,,,,0,0,
2026/3/18,2,裏,0,1,0,-,-,-,入口貴仁,左,不明,右,カーブ,,11,,インプレー,,単打,フライ,中堅手,0,0,
2026/3/18,2,裏,0,0,0,○,-,-,入口貴仁,左,不明,右,ストレート,,7,,ファウル,,,,,0,0,
2026/3/18,2,裏,0,1,0,○,-,-,入口貴仁,左,不明,右,ストレート,,11,,空振り,,,,,0,0,
2026/3/18,2,裏,0,2,0,○,-,-,入口貴仁,左,不明,右,ストレート,,12,,インプレー,,犠打,ゴロ,投手,1,0,
2026/3/18,2,裏,0,0,1,-,○,-,入口貴仁,左,不明,右,ストレート,,12,,ボール,,,,,0,0,
2026/3/18,2,裏,1,0,1,-,○,-,入口貴仁,左,不明,右,,,,,インプレー,,単打,ゴロ,左翼手,0,0,
2026/3/18,2,裏,0,0,1,○,-,○,入口貴仁,左,不明,右,ストレート,,5,,見逃し,,,,,0,0,
2026/3/18,2,裏,0,1,1,○,-,○,入口貴仁,左,不明,左,カーブ,,13,,ボール,,,,,0,0,
2026/3/18,2,裏,1,1,1,○,-,○,入口貴仁,左,不明,左,ストレート,,4,,空振り,,,,,0,0,
2026/3/18,2,裏,1,2,1,○,-,○,入口貴仁,左,不明,左,ストレート,,11,,空振り,空振り三振,,,,1,0,
2026/3/18,2,裏,0,0,2,○,-,○,入口貴仁,左,不明,右,ストレート,,12,,ファウル,,,,,0,0,
2026/3/18,2,裏,0,1,2,○,-,○,入口貴仁,左,不明,左,ストレート,,13,,ボール,,,,,0,0,
2026/3/18,2,裏,1,1,2,○,-,○,入口貴仁,左,不明,左,カーブ,,7,,インプレー,,アウト,ゴロ,投手,1,0,
2026/3/18,3,表,0,0,0,-,-,-,不明,右,淀川理久,左,ストレート,,11,,ボール,,,,,0,0,
2026/3/18,3,表,1,0,0,-,-,-,不明,右,淀川理久,左,ストレート,,7,,インプレー,,アウト,ゴロ,投手,1,0,
2026/3/18,3,表,0,0,1,-,-,-,不明,右,鍛冶陽斗,右,カーブ,,11,,ボール,,,,,0,0,
2026/3/18,3,表,1,0,1,-,-,-,不明,右,鍛冶陽斗,右,ストレート,,3,外角,見逃し,,,,,0,0,
2026/3/18,3,表,1,1,1,-,-,-,不明,右,鍛冶陽斗,右,ストレート,,1,,インプレー,,アウト,フライ,一塁手,1,0,
2026/3/18,3,表,0,0,2,-,-,-,不明,右,橋口青波,右,カーブ,,14,,ボール,,,,,0,0,
2026/3/18,3,表,1,0,2,-,-,-,不明,右,橋口青波,右,スライダー,,5,外角,空振り,,,,,0,0,
2026/3/18,3,表,1,1,2,-,-,-,不明,右,橋口青波,右,スライダー,,14,外角,空振り,,,,,0,0,
2026/3/18,3,表,1,2,2,-,-,-,不明,右,橋口青波,右,ストレート,,9,,見逃し,見逃し三振,,,,1,0,
2026/3/18,3,裏,0,0,0,-,-,-,入口貴仁,左,不明,右,カットボール,,13,,ボール,,,,,0,0,
2026/3/18,3,裏,1,0,0,-,-,-,入口貴仁,左,不明,右,ストレート,,6,,インプレー,,アウト,フライ,左翼手,1,0,
2026/3/18,3,裏,0,0,1,-,-,-,入口貴仁,左,不明,右,ストレート,,11,,死球,,,,,0,0,
2026/3/18,3,裏,0,0,1,○,-,-,入口貴仁,左,不明,左,ストレート,,11,,ボール,,,,,0,0,
2026/3/18,3,裏,1,0,1,○,-,-,入口貴仁,左,不明,左,ストレート,,6,,空振り,,,,,0,0,
2026/3/18,3,裏,1,1,1,○,-,-,入口貴仁,左,不明,左,カーブ,,14,,ボール,,,,,0,0,
2026/3/18,3,裏,2,1,1,○,-,-,入口貴仁,左,不明,左,ストレート,,5,,見逃し,,,,,0,0,
2026/3/18,3,裏,2,2,1,○,-,-,入口貴仁,左,不明,左,カーブ,,4,,見逃し,見逃し三振,,,,1,0,
2026/3/18,3,裏,0,0,2,○,-,-,入口貴仁,左,不明,右,ストレート,,12,,空振り,,,,,0,0,
2026/3/18,3,裏,0,1,2,○,-,-,入口貴仁,左,不明,右,ストレート,,7,,空振り,,,,,0,0,
2026/3/18,3,裏,0,2,2,○,-,-,入口貴仁,左,不明,右,ストレート,,2,,空振り,空振り三振,,,,1,0,
2026/3/18,4,表,0,0,0,-,-,-,不明,右,柴田結都,左,ストレート,,14,内角,ボール,,,,,0,0,
2026/3/18,4,表,1,0,0,-,-,-,不明,右,柴田結都,左,ストレート,,8,内角,ファウル,,,,,0,0,
2026/3/18,4,表,1,1,0,-,-,-,不明,右,柴田結都,左,ストレート,,4,,ファウル,,,,,0,0,
2026/3/18,4,表,1,2,0,-,-,-,不明,右,柴田結都,左,ストレート,,1,,ファウル,,,,,0,0,
2026/3/18,4,表,1,2,0,-,-,-,不明,右,柴田結都,左,ストレート,,4,,見逃し,見逃し三振,,,,1,0,
2026/3/18,4,表,0,0,1,-,-,-,不明,右,平澤秀太,右,ストレート,,5,,見逃し,,,,,0,0,
2026/3/18,4,表,0,1,1,-,-,-,不明,右,平澤秀太,右,ストレート,,13,外角,ボール,,,,,0,0,
2026/3/18,4,表,1,1,1,-,-,-,不明,右,平澤秀太,右,ストレート,,9,,ファウル,,,,,0,0,
2026/3/18,4,表,1,2,1,-,-,-,不明,右,平澤秀太,右,ストレート,,9,,ファウル,,,,,0,0,
2026/3/18,4,表,1,2,1,-,-,-,不明,右,平澤秀太,右,カーブ,,14,,ボール,,,,,0,0,
2026/3/18,4,表,2,2,1,-,-,-,不明,右,平澤秀太,右,ストレート,,9,,ファウル,,,,,0,0,
2026/3/18,4,表,2,2,1,-,-,-,不明,右,平澤秀太,右,ストレート,,8,,ファウル,,,,,0,0,
2026/3/18,4,表,2,2,1,-,-,-,不明,右,平澤秀太,右,スライダー,,14,外角,ボール,,,,,0,0,
2026/3/18,4,表,3,2,1,-,-,-,不明,右,平澤秀太,右,ストレート,,5,,インプレー,,アウト,ゴロ,一塁手,1,0,
2026/3/18,4,表,0,0,2,-,-,-,不明,右,桜 圭吾,右,ストレート,,4,,見逃し,,,,,0,0,
2026/3/18,4,表,0,1,2,-,-,-,不明,右,桜 圭吾,右,ストレート,,8,,インプレー,,アウト,ライナー,三塁手,1,0,
2026/3/18,4,裏,0,0,0,-,-,-,高平行栄,右,不明,右,ストレート,,1,,ファウル,,,,,0,0,
2026/3/18,4,裏,0,1,0,-,-,-,高平行栄,右,不明,右,ストレート,,11,,空振り,,,,,0,0,
2026/3/18,4,裏,0,2,0,-,-,-,高平行栄,右,不明,右,カーブ,,2,,ファウル,,,,,0,0,
2026/3/18,4,裏,0,2,0,-,-,-,高平行栄,右,不明,右,ストレート,,12,,ファウル,,,,,0,0,
2026/3/18,4,裏,0,2,0,-,-,-,高平行栄,右,不明,右,フォーク,,13,,ボール,,,,,0,0,
2026/3/18,4,裏,1,2,0,-,-,-,高平行栄,右,不明,右,カーブ,,1,,ファウル,,,,,0,0,
2026/3/18,4,裏,1,2,0,-,-,-,高平行栄,右,不明,右,ストレート,,12,,ボール,,,,,0,0,
2026/3/18,4,裏,2,2,0,-,-,-,高平行栄,右,不明,右,カーブ,,14,,ボール,,,,,0,0,
2026/3/18,4,裏,3,2,0,-,-,-,高平行栄,右,不明,右,ストレート,,7,,インプレー,,エラー,ゴロ,遊撃手,0,0,
2026/3/18,4,裏,0,0,0,○,-,-,高平行栄,右,不明,右,ストレート,,8,外角,インプレー,,犠打,ゴロ,投手,1,0,
2026/3/18,4,裏,0,0,1,-,○,-,高平行栄,右,不明,右,ストレート,,3,,インプレー,,単打,フライ,右翼手,0,1,
2026/3/18,4,裏,0,0,1,○,-,-,高平行栄,右,不明,左,ストレート,,13,内角,ボール,,,,,0,0,
2026/3/18,4,裏,1,0,1,-,-,-,高平行栄,右,不明,左,ストレート,,4,,インプレー,,単打,ゴロ,右翼手,0,0,
2026/3/18,4,裏,0,0,1,○,-,-,高平行栄,右,不明,左,ストレート,,7,,見逃し,,,,,0,0,
2026/3/18,4,裏,0,1,1,○,-,-,高平行栄,右,不明,左,ストレート,,13,,ボール,,,,,0,0,
2026/3/18,4,裏,1,1,1,○,-,-,高平行栄,右,不明,左,カーブ,,12,,空振り,,,,,0,0,
2026/3/18,4,裏,1,2,1,○,-,-,高平行栄,右,不明,左,ストレート,,7,,ファウル,,,,,0,0,
2026/3/18,4,裏,1,2,1,○,-,-,高平行栄,右,不明,左,ストレート,,11,,空振り,空振り三振,,,,1,0,
2026/3/18,4,裏,0,0,2,○,-,-,高平行栄,右,不明,右,ストレート,,11,,ボール,,,,,0,0,
2026/3/18,4,裏,1,0,2,○,-,-,高平行栄,右,不明,右,ストレート,,2,,見逃し,,,,,0,0,
2026/3/18,4,裏,1,1,2,○,-,-,高平行栄,右,不明,右,カーブ,,2,外角,インプレー,,二塁打,フライ,中堅手,0,0,
2026/3/18,4,裏,0,0,2,-,○,○,高平行栄,右,不明,右,カーブ,,14,外角,ボール,,,,,0,1,
2026/3/18,4,裏,1,0,2,-,-,○,高平行栄,右,不明,右,カーブ,,12,,ボール,,,,,0,0,
2026/3/18,4,裏,2,0,2,-,-,○,高平行栄,右,不明,右,ストレート,,7,,ファウル,,,,,0,0,
2026/3/18,4,裏,2,1,2,-,-,○,高平行栄,右,不明,右,ストレート,,1,,インプレー,,二塁打,ライナー,左翼手,0,1,
2026/3/18,4,裏,0,0,2,-,○,-,高平行栄,右,不明,左,ストレート,,5,,ファウル,,,,,0,0,
2026/3/18,4,裏,0,1,2,-,○,-,高平行栄,右,不明,左,ストレート,,7,,ボール,,,,,0,0,
2026/3/18,4,裏,1,1,2,-,○,-,高平行栄,右,不明,左,ストレート,,12,,ボール,,,,,0,0,
2026/3/18,4,裏,2,1,2,-,○,-,高平行栄,右,不明,左,スライダー,,7,,見逃し,,,,,0,0,
2026/3/18,4,裏,2,2,2,-,○,-,高平行栄,右,不明,左,フォーク,,14,,ボール,,,,,0,0,
2026/3/18,4,裏,3,2,2,-,-,○,高平行栄,右,不明,左,ストレート,,1,,空振り,空振り三振,,,,1,0,
2026/3/18,5,表,0,0,0,-,-,-,不明,右,田中 孝志郎,右,,,,,ファウル,,,,,0,0,
2026/3/18,5,表,0,1,0,-,-,-,不明,右,田中 孝志郎,右,ストレート,,8,,インプレー,,アウト,ゴロ,遊撃手,1,0,
2026/3/18,5,表,0,0,1,-,-,-,不明,右,北村和希,右,スライダー,,11,,ボール,,,,,0,0,
2026/3/18,5,表,1,0,1,-,-,-,不明,右,北村和希,右,ストレート,,7,,見逃し,,,,,0,0,
2026/3/18,5,表,1,1,1,-,-,-,不明,右,北村和希,右,ストレート,,5,,見逃し,,,,,0,0,
2026/3/18,5,表,1,2,1,-,-,-,不明,右,北村和希,右,ストレート,,2,,インプレー,,アウト,フライ,右翼手,1,0,
2026/3/18,5,表,0,0,2,-,-,-,不明,右,高橋陽介,右,ストレート,,7,,インプレー,,アウト,ゴロ,二塁手,1,0,
2026/3/18,5,裏,0,0,0,-,-,-,高平行栄,右,不明,右,カーブ,,13,,ボール,,,,,0,0,
2026/3/18,5,裏,1,0,0,-,-,-,高平行栄,右,不明,右,ストレート,,6,,空振り,,,,,0,0,
2026/3/18,5,裏,1,1,0,-,-,-,高平行栄,右,不明,右,ストレート,,13,,ボール,,,,,0,0,
2026/3/18,5,裏,2,1,0,-,-,-,高平行栄,右,不明,右,ストレート,,4,外角,インプレー,,単打,ゴロ,左翼手,0,0,
2026/3/18,5,裏,0,0,0,○,-,-,高平行栄,右,不明,右,,,,,ボール,,,,,0,0,
2026/3/18,5,裏,1,0,0,○,-,-,高平行栄,右,不明,右,ストレート,,2,外角,インプレー,,犠打,ゴロ,三塁手,1,0,
2026/3/18,5,裏,0,0,1,-,○,-,高平行栄,右,不明,右,ストレート,,9,外角,見逃し,,,,,0,0,
2026/3/18,5,裏,0,1,1,-,○,-,高平行栄,右,不明,右,ストレート,,6,,空振り,,,,,0,0,
2026/3/18,5,裏,0,2,1,-,○,-,高平行栄,右,不明,右,ストレート,,3,,インプレー,,アウト,ゴロ,遊撃手,1,0,
2026/3/18,5,裏,0,0,2,-,-,○,高平行栄,右,不明,右,ストレート,,12,外角,ボール,,,,,0,0,
2026/3/18,5,裏,1,0,2,-,-,○,高平行栄,右,不明,右,ストレート,,14,外角,ボール,,,,,0,0,
2026/3/18,5,裏,2,0,2,-,-,○,高平行栄,右,不明,右,ストレート,,11,,ファウル,,,,,0,0,
2026/3/18,5,裏,2,1,2,-,-,○,高平行栄,右,不明,右,ストレート,,11,,ボール,,,,,0,0,
2026/3/18,5,裏,3,1,2,-,-,○,高平行栄,右,不明,右,ストレート,,11,,空振り,,,,,0,0,
2026/3/18,5,裏,3,2,2,-,-,○,高平行栄,右,不明,右,ストレート,,2,,見逃し,見逃し三振,,,,1,0,
2026/3/18,6,表,0,0,0,-,-,-,不明,右,淀川理久,左,ストレート,,7,,見逃し,,,,,0,0,
2026/3/18,6,表,0,1,0,-,-,-,不明,右,淀川理久,左,ストレート,,14,,死球,,,,,0,0,
2026/3/18,6,表,0,0,0,○,-,-,不明,右,鍛冶陽斗,右,ストレート,,9,外角,インプレー,,アウト,ゴロ,投手,1,0,
2026/3/18,6,表,0,0,1,-,○,-,不明,右,橋口青波,右,ストレート,,6,外角,インプレー,,単打,ライナー,右翼手,0,0,
2026/3/18,6,表,0,0,1,-,○,○,不明,右,柴田結都,左,スライダー,,13,,ボール,,,,,0,0,
2026/3/18,6,表,1,0,1,-,○,○,不明,右,柴田結都,左,ストレート,,13,,ボール,,,,,0,0,
2026/3/18,6,表,2,0,1,-,○,○,不明,右,柴田結都,左,ストレート,,2,,インプレー,,アウト,フライ,遊撃手,1,0,
2026/3/18,6,表,0,0,2,-,○,○,不明,右,平澤秀太,右,ストレート,,2,,インプレー,,アウト,フライ,左翼手,1,0,
2026/3/18,6,裏,0,0,0,-,-,-,高平行栄,右,不明,左,ストレート,,13,,ボール,,,,,0,0,
2026/3/18,6,裏,1,0,0,-,-,-,高平行栄,右,不明,左,ストレート,,1,,ファウル,,,,,0,0,
2026/3/18,6,裏,1,1,0,-,-,-,高平行栄,右,不明,左,ストレート,,11,,ボール,,,,,0,0,
2026/3/18,6,裏,2,1,0,-,-,-,高平行栄,右,不明,左,ストレート,,11,,ボール,,,,,0,0,
2026/3/18,6,裏,3,1,0,-,-,-,高平行栄,右,不明,左,ストレート,,7,,ファウル,,,,,0,0,
2026/3/18,6,裏,3,2,0,-,-,-,高平行栄,右,不明,左,ストレート,,11,,空振り,空振り三振,,,,1,0,
2026/3/18,6,裏,0,0,1,-,-,-,高平行栄,右,不明,左,ストレート,,11,,ボール,,,,,0,0,
2026/3/18,6,裏,1,0,1,-,-,-,高平行栄,右,不明,左,ストレート,,1,,空振り,,,,,0,0,
2026/3/18,6,裏,1,1,1,-,-,-,高平行栄,右,不明,左,フォーク,,4,内角,ファウル,,,,,0,0,
2026/3/18,6,裏,1,2,1,-,-,-,高平行栄,右,不明,左,ストレート,,1,,インプレー,,アウト,ライナー,左翼手,1,0,
2026/3/18,6,裏,0,0,2,-,-,-,高平行栄,右,不明,右,スライダー,,8,,見逃し,,,,,0,0,
2026/3/18,6,裏,0,1,2,-,-,-,高平行栄,右,不明,右,ストレート,,3,外角,空振り,,,,,0,0,
2026/3/18,6,裏,0,2,2,-,-,-,高平行栄,右,不明,右,ストレート,,6,,インプレー,,アウト,フライ,一塁手,1,0,
2026/3/18,7,表,0,0,0,-,-,-,不明,右,桜 圭吾,右,ストレート,,11,,ボール,,,,,0,0,
2026/3/18,7,表,1,0,0,-,-,-,不明,右,桜 圭吾,右,ストレート,,11,,ボール,,,,,0,0,
2026/3/18,7,表,2,0,0,-,-,-,不明,右,桜 圭吾,右,チェンジアップ,,2,外角,見逃し,,,,,0,0,
2026/3/18,7,表,2,1,0,-,-,-,不明,右,桜 圭吾,右,ストレート,,14,,ボール,,,,,0,0,
2026/3/18,7,表,3,1,0,-,-,-,不明,右,桜 圭吾,右,ストレート,,4,,ファウル,,,,,0,0,
2026/3/18,7,表,3,2,0,-,-,-,不明,右,桜 圭吾,右,ストレート,,13,,ボール,四球,,,,0,0,
2026/3/18,7,表,0,0,0,○,-,-,不明,右,田中 孝志郎,右,ストレート,,14,,ボール,,,,,0,0,
2026/3/18,7,表,1,0,0,○,-,-,不明,右,田中 孝志郎,右,ストレート,,3,,空振り,,,,,0,0,
2026/3/18,7,表,1,1,0,○,-,-,不明,右,田中 孝志郎,右,スライダー,,3,,空振り,,,,,0,0,
2026/3/18,7,表,1,2,0,○,-,-,不明,右,田中 孝志郎,右,スライダー,,14,,ボール,,,,,0,0,
2026/3/18,7,表,2,2,0,-,○,-,不明,右,田中 孝志郎,右,ストレート,,13,,ボール,,,,,0,0,
2026/3/18,7,表,3,2,0,-,○,-,不明,右,田中 孝志郎,右,ストレート,,7,,ファウル,,,,,0,0,
2026/3/18,7,表,3,2,0,-,○,-,不明,右,田中 孝志郎,右,ストレート,,11,外角,ボール,四球,,,,0,0,
2026/3/18,7,表,0,0,0,○,○,-,不明,右,北村和希,右,,,,,ボール,,,,,0,0,
2026/3/18,7,表,1,0,0,○,○,-,不明,右,北村和希,右,,,9,,見逃し,,,,,1,0,
2026/3/18,7,表,1,1,1,-,○,-,不明,右,北村和希,右,ストレート,,14,外角,ボール,,,,,0,0,
2026/3/18,7,表,2,1,1,-,○,-,不明,右,北村和希,右,チェンジアップ,,14,外角,ボール,,,,,0,0,
2026/3/18,7,表,3,1,1,-,○,-,不明,右,北村和希,右,ストレート,,5,外角,ファウル,,,,,0,0,
2026/3/18,7,表,3,2,1,-,○,-,不明,右,北村和希,右,ストレート,,11,,ボール,四球,,,,0,0,
2026/3/18,7,表,0,0,1,○,○,-,不明,右,高橋陽介,右,ストレート,,14,,ボール,,,,,0,0,
2026/3/18,7,表,1,0,1,○,○,-,不明,右,高橋陽介,右,ストレート,,13,外角,ボール,,,,,0,0,
2026/3/18,7,表,2,0,1,○,○,-,不明,右,高橋陽介,右,ストレート,,11,外角,ボール,,,,,1,0,
2026/3/18,7,表,3,0,2,-,○,-,不明,右,高橋陽介,右,ストレート,,2,外角,インプレー,,アウト,ゴロ,三塁手,1,0,
2026/3/18,7,裏,0,0,0,-,-,-,上野光大郎,右,不明,左,ストレート,,11,,ボール,,,,,0,0,
2026/3/18,7,裏,1,0,0,-,-,-,上野光大郎,右,不明,左,ストレート,,7,,インプレー,,アウト,ゴロ,二塁手,1,0,
2026/3/18,7,裏,0,0,1,-,-,-,上野光大郎,右,不明,左,スライダー,,9,,インプレー,,単打,ライナー,右翼手,0,0,
2026/3/18,7,裏,0,0,1,○,-,-,上野光大郎,右,不明,右,ストレート,,13,,ボール,,,,,0,0,
2026/3/18,7,裏,1,0,1,○,-,-,上野光大郎,右,不明,右,ストレート,,9,外角,インプレー,,単打,ゴロ,中堅手,0,0,
2026/3/18,7,裏,0,0,1,○,-,○,上野光大郎,右,不明,右,ストレート,,14,外角,ボール,,,,,0,0,
2026/3/18,7,裏,1,0,1,-,○,○,上野光大郎,右,不明,右,ストレート,,14,外角,ボール,,,,,0,0,
2026/3/18,7,裏,2,0,1,-,○,○,上野光大郎,右,不明,右,カーブ,,9,外角,見逃し,,,,,0,0,
2026/3/18,7,裏,2,1,1,-,○,○,上野光大郎,右,不明,右,ストレート,,4,,ファウル,,,,,0,0,
2026/3/18,7,裏,2,2,1,-,○,○,上野光大郎,右,不明,右,カーブ,,9,,ファウル,,,,,0,0,
2026/3/18,7,裏,2,2,1,-,○,○,上野光大郎,右,不明,右,ストレート,,7,,インプレー,,アウト,ゴロ,一塁手,1,1,
2026/3/18,7,裏,0,0,2,○,-,○,上野光大郎,右,不明,右,カーブ,,12,,ボール,,,,,0,0,
2026/3/18,7,裏,1,0,2,○,-,○,上野光大郎,右,不明,右,ストレート,,7,,見逃し,,,,,0,0,
2026/3/18,7,裏,1,1,2,-,-,○,上野光大郎,右,不明,右,ストレート,,7,,インプレー,,単打,フライ,右翼手,0,1,
2026/3/18,7,裏,0,0,2,○,-,-,上野光大郎,右,不明,右,ストレート,,,外角,ボール,,,,,0,0,
2026/3/18,7,裏,1,0,2,-,○,-,上野光大郎,右,不明,右,ストレート,,14,,ボール,,,,,0,0,
2026/3/18,7,裏,2,0,2,-,○,-,上野光大郎,右,不明,右,ストレート,,13,,ボール,,,,,0,0,
2026/3/18,7,裏,3,0,2,-,○,-,上野光大郎,右,不明,右,ストレート,,4,,ファウル,,,,,0,0,
2026/3/18,7,裏,3,1,2,-,○,-,上野光大郎,右,不明,右,チェンジアップ,,5,,ファウル,,,,,0,0,
2026/3/18,7,裏,3,2,2,-,○,-,上野光大郎,右,不明,右,ストレート,,4,,ファウル,,,,,0,0,
2026/3/18,7,裏,3,2,2,-,○,-,上野光大郎,右,不明,右,ストレート,,1,,空振り,空振り三振,,,,1,0,
2026/3/18,8,表,0,0,0,-,-,-,不明,右,淀川理久,左,ストレート,,7,内角,見逃し,,,,,0,0,
2026/3/18,8,表,0,1,0,-,-,-,不明,右,淀川理久,左,ストレート,,7,,見逃し,,,,,0,0,
2026/3/18,8,表,0,2,0,-,-,-,不明,右,淀川理久,左,ストレート,,11,,ボール,,,,,0,0,
2026/3/18,8,表,1,2,0,-,-,-,不明,右,淀川理久,左,ストレート,,7,,ファウル,,,,,0,0,
2026/3/18,8,表,1,2,0,-,-,-,不明,右,淀川理久,左,スライダー,,2,,インプレー,,単打,フライ,中堅手,0,0,
2026/3/18,8,表,0,0,0,○,-,-,不明,右,鍛冶陽斗,右,ストレート,,5,,見逃し,,,,,0,0,
2026/3/18,8,表,0,1,0,○,-,-,不明,右,鍛冶陽斗,右,ストレート,,6,外角,インプレー,,アウト,フライ,中堅手,1,0,
2026/3/18,8,表,0,0,1,○,-,-,不明,右,橋口青波,右,スライダー,,14,外角,ボール,,,,,0,0,
2026/3/18,8,表,1,0,1,○,-,-,不明,右,橋口青波,右,スライダー,,14,外角,ボール,,,,,0,0,
2026/3/18,8,表,2,0,1,-,○,-,不明,右,橋口青波,右,スライダー,,6,外角,インプレー,,エラー,ゴロ,三塁手,0,0,
2026/3/18,8,表,0,0,1,-,○,○,不明,右,柴田結都,左,ストレート,,2,,インプレー,,アウト,ゴロ,二塁手,1,1,
2026/3/18,8,表,0,0,2,-,-,○,不明,右,平澤秀太,右,,,,,ボール,,,,,0,0,
2026/3/18,8,表,1,0,2,-,-,○,不明,右,平澤秀太,右,ストレート,,11,外角,ボール,,,,,0,0,
2026/3/18,8,表,2,0,2,-,-,○,不明,右,平澤秀太,右,スライダー,,2,外角,ファウル,,,,,0,0,
2026/3/18,8,表,2,1,2,-,-,○,不明,右,平澤秀太,右,ストレート,,11,外角,ボール,,,,,0,0,
2026/3/18,8,表,3,1,2,-,-,○,不明,右,平澤秀太,右,ストレート,,3,,インプレー,,二塁打,ライナー,左翼手,0,1,
2026/3/18,8,表,0,0,2,-,○,-,不明,右,桜 圭吾,右,ストレート,,14,外角,ボール,,,,,0,0,
2026/3/18,8,表,1,0,2,-,○,-,不明,右,桜 圭吾,右,ストレート,,11,外角,ボール,,,,,0,0,
2026/3/18,8,表,2,0,2,-,○,-,不明,右,桜 圭吾,右,スライダー,,11,外角,ボール,,,,,0,0,
2026/3/18,8,表,3,0,2,-,○,-,不明,右,桜 圭吾,右,ストレート,,11,外角,ボール,四球,,,,0,0,
2026/3/18,8,表,0,0,2,○,○,-,不明,右,田中 孝志郎,右,ストレート,,11,外角,ボール,,,,,0,0,
2026/3/18,8,表,1,0,2,○,○,-,不明,右,田中 孝志郎,右,ストレート,,13,外角,ボール,,,,,0,0,
2026/3/18,8,表,2,0,2,○,○,-,不明,右,田中 孝志郎,右,ストレート,,2,外角,ファウル,,,,,0,0,
2026/3/18,8,表,2,1,2,○,○,-,不明,右,田中 孝志郎,右,ストレート,,11,外角,ボール,,,,,0,0,
2026/3/18,8,表,3,1,2,○,○,-,不明,右,田中 孝志郎,右,ストレート,,14,外角,ボール,四球,,,,0,0,
2026/3/18,8,表,0,0,2,○,○,○,不明,右,北村和希,右,ストレート,,6,外角,見逃し,,,,,0,0,
2026/3/18,8,表,0,1,2,○,○,○,不明,右,北村和希,右,ストレート,,11,外角,ボール,,,,,0,0,
2026/3/18,8,表,1,1,2,○,○,○,不明,右,北村和希,右,ストレート,,2,外角,インプレー,,アウト,ゴロ,三塁手,1,0,
2026/3/18,8,裏,0,0,0,-,-,-,上野光大郎,右,不明,右,ストレート,,3,,ファウル,,,,,0,0,
2026/3/18,8,裏,0,1,0,-,-,-,上野光大郎,右,不明,右,カーブ,,14,外角,ボール,,,,,0,0,
2026/3/18,8,裏,1,1,0,-,-,-,上野光大郎,右,不明,右,カーブ,,6,,ファウル,,,,,0,0,
2026/3/18,8,裏,1,2,0,-,-,-,上野光大郎,右,不明,右,ストレート,,11,,ボール,,,,,0,0,
2026/3/18,8,裏,2,2,0,-,-,-,上野光大郎,右,不明,右,ストレート,,3,,ファウル,,,,,0,0,
2026/3/18,8,裏,2,2,0,-,-,-,上野光大郎,右,不明,右,チェンジアップ,,6,,インプレー,,アウト,フライ,右翼手,1,0,
2026/3/18,8,裏,0,0,1,-,-,-,上野光大郎,右,不明,左,カーブ,,11,,ボール,,,,,0,0,
2026/3/18,8,裏,1,0,1,-,-,-,上野光大郎,右,不明,右,ストレート,,1,,インプレー,,アウト,フライ,左翼手,1,0,
2026/3/18,8,裏,0,0,2,-,-,-,上野光大郎,右,不明,右,ストレート,,8,外角,ファウル,,,,,0,0,
2026/3/18,8,裏,0,1,2,-,-,-,上野光大郎,右,不明,右,カーブ,,14,,空振り,,,,,0,0,
2026/3/18,8,裏,0,2,2,-,-,-,上野光大郎,右,不明,右,カーブ,,14,,空振り,空振り三振,,,,1,0,
2026/3/18,9,表,0,0,0,-,-,-,不明,右,高橋陽介,右,ストレート,,2,,ファウル,,,,,0,0,
2026/3/18,9,表,0,1,0,-,-,-,不明,右,高橋陽介,右,ストレート,,6,,インプレー,,アウト,フライ,一塁手,1,0,
2026/3/18,9,表,0,0,1,-,-,-,不明,右,淀川理久,左,ストレート,,7,内角,見逃し,,,,,0,0,
2026/3/18,9,表,0,1,1,-,-,-,不明,右,淀川理久,左,チェンジアップ,,13,,ボール,,,,,0,0,
2026/3/18,9,表,1,1,1,-,-,-,不明,右,淀川理久,左,ストレート,,11,内角,ボール,,,,,0,0,
2026/3/18,9,表,2,1,1,-,-,-,不明,右,淀川理久,左,ストレート,,11,内角,ボール,,,,,0,0,
2026/3/18,9,表,3,1,1,-,-,-,不明,右,淀川理久,左,ストレート,,1,,ファウル,,,,,0,0,
2026/3/18,9,表,3,2,1,-,-,-,不明,右,淀川理久,左,ストレート,,4,,空振り,空振り三振,,,,1,0,
2026/3/18,9,表,0,0,2,-,-,-,不明,右,鍛冶陽斗,右,スライダー,,14,外角,ボール,,,,,0,0,
2026/3/18,9,表,1,0,2,-,-,-,不明,右,鍛冶陽斗,右,ストレート,,11,外角,ボール,,,,,0,0,
2026/3/18,9,表,2,0,2,-,-,-,不明,右,鍛冶陽斗,右,ストレート,,2,外角,ファウル,,,,,0,0,
2026/3/18,9,表,2,1,2,-,-,-,不明,右,鍛冶陽斗,右,ストレート,,11,外角,ボール,,,,,0,0,
2026/3/18,9,表,3,1,2,-,-,-,不明,右,鍛冶陽斗,右,ストレート,,11,,ボール,四球,,,,0,0,
2026/3/18,9,表,0,0,2,○,-,-,不明,右,橋口青波,右,ストレート,,3,外角,空振り,,,,,0,0,
2026/3/18,9,表,0,1,2,○,-,-,不明,右,橋口青波,右,ストレート,,12,外角,ボール,,,,,0,0,
2026/3/18,9,表,1,1,2,○,-,-,不明,右,橋口青波,右,ストレート,,6,外角,インプレー,,アウト,ライナー,三塁手,1,0,
